,event_number,runs,start_time,end_time,country
0,1,h046,2002-02-21 12:00:00,2002-03-22 12:00:00,NOR
1,2,h146,2002-02-11 12:00:00,2002-03-12 12:00:00,NOR
2,3,h056,2005-02-18 12:00:00,2005-03-19 12:00:00,NOR
3,4,h145,2007-02-04 12:00:00,2007-03-05 12:00:00,NOR
4,5,h052,2006-01-17 12:00:00,2006-02-15 12:00:00,NOR
5,6,h150,2004-01-22 12:00:00,2004-02-20 12:00:00,NOR
6,7,h157,2000-02-06 12:00:00,2000-03-06 12:00:00,NOR
7,8,h144,2001-01-29 12:00:00,2001-02-27 12:00:00,NOR
8,9,h061,2004-01-13 12:00:00,2004-02-11 12:00:00,NOR
9,10,h118,2007-01-05 12:00:00,2007-02-03 12:00:00,NOR
10,11,h147,2002-02-18 12:00:00,2002-03-19 12:00:00,NOR
11,12,h010,2003-01-17 12:00:00,2003-02-15 12:00:00,NOR
12,13,h154,2001-02-03 12:00:00,2001-03-04 12:00:00,NOR
13,14,h032,2001-02-15 12:00:00,2001-03-16 12:00:00,NOR
14,15,h046,2003-03-06 12:00:00,2003-04-04 12:00:00,NOR
15,16,h069,2005-02-10 12:00:00,2005-03-11 12:00:00,NOR
16,17,h098,2005-01-20 12:00:00,2005-02-18 12:00:00,NOR
17,18,h032,2007-02-17 12:00:00,2007-03-18 12:00:00,NOR
18,19,h153,2002-03-04 12:00:00,2002-04-02 12:00:00,NOR
19,20,h020,2009-02-05 12:00:00,2009-03-06 12:00:00,NOR
20,21,h033,2007-02-08 12:00:00,2007-03-09 12:00:00,NOR
21,22,h068,2006-02-03 12:00:00,2006-03-04 12:00:00,NOR
22,23,h045,2001-02-16 12:00:00,2001-03-17 12:00:00,NOR
23,24,h168,2002-02-01 12:00:00,2002-03-02 12:00:00,NOR
24,25,h168,2003-02-08 12:00:00,2003-03-09 12:00:00,NOR
25,26,h106,2003-01-18 12:00:00,2003-02-16 12:00:00,NOR
26,27,h158,2001-02-14 12:00:00,2001-03-15 12:00:00,NOR
27,28,h150,2004-02-23 12:00:00,2004-03-23 12:00:00,NOR
28,29,h144,2000-03-16 12:00:00,2000-04-14 12:00:00,NOR
29,30,h069,2006-02-16 12:00:00,2006-03-17 12:00:00,NOR
30,31,h068,2006-03-13 12:00:00,2006-04-11 12:00:00,NOR
31,32,h102,2008-02-04 12:00:00,2008-03-04 12:00:00,NOR
32,33,h120,2008-02-08 12:00:00,2008-03-08 12:00:00,NOR
33,34,h052,2002-03-11 12:00:00,2002-04-09 12:00:00,NOR
34,35,h144,2001-03-19 12:00:00,2001-04-17 12:00:00,NOR
35,36,h167,2006-01-05 12:00:00,2006-02-03 12:00:00,NOR
36,37,h069,2005-01-11 12:00:00,2005-02-09 12:00:00,NOR
37,38,h118,2006-02-21 12:00:00,2006-03-22 12:00:00,NOR
38,39,h145,2007-03-18 12:00:00,2007-04-16 12:00:00,NOR
39,40,h045,2009-02-26 12:00:00,2009-03-27 12:00:00,NOR
40,41,h140,2000-02-21 12:00:00,2000-03-21 12:00:00,NOR
41,42,h106,2003-02-27 12:00:00,2003-03-28 12:00:00,NOR
42,43,h085,2005-02-25 12:00:00,2005-03-26 12:00:00,NOR
43,44,h141,2003-02-20 12:00:00,2003-03-21 12:00:00,NOR
44,45,h158,2001-03-18 12:00:00,2001-04-16 12:00:00,NOR
45,46,h053,2001-02-25 12:00:00,2001-03-26 12:00:00,NOR
46,47,h052,2006-02-24 12:00:00,2006-03-25 12:00:00,NOR
47,48,h056,2006-03-04 12:00:00,2006-04-02 12:00:00,NOR
48,49,h168,2000-02-01 12:00:00,2000-03-01 12:00:00,NOR
49,50,h118,2007-03-08 12:00:00,2007-04-06 12:00:00,NOR
50,51,h143,2005-01-29 12:00:00,2005-02-27 12:00:00,NOR
51,52,h168,2003-03-10 12:00:00,2003-04-08 12:00:00,NOR
52,53,h090,2001-02-27 12:00:00,2001-03-28 12:00:00,NOR
53,54,h141,2003-01-21 12:00:00,2003-02-19 12:00:00,NOR
54,55,h046,2003-02-04 12:00:00,2003-03-05 12:00:00,NOR
55,56,h102,2009-01-16 12:00:00,2009-02-14 12:00:00,NOR
56,57,h142,2003-01-12 12:00:00,2003-02-10 12:00:00,NOR
57,58,h095,2004-03-18 12:00:00,2004-04-16 12:00:00,NOR
58,59,h087,2006-03-09 12:00:00,2006-04-07 12:00:00,NOR
59,60,h142,2007-03-07 12:00:00,2007-04-05 12:00:00,NOR
60,61,h145,2005-03-09 12:00:00,2005-04-07 12:00:00,NOR
61,62,h146,2002-03-13 12:00:00,2002-04-11 12:00:00,NOR
62,63,h061,2001-02-19 12:00:00,2001-03-20 12:00:00,NOR
63,64,h015,2001-02-16 12:00:00,2001-03-17 12:00:00,NOR
64,65,h156,2003-03-23 12:00:00,2003-04-21 12:00:00,NOR
65,66,h147,2004-03-14 12:00:00,2004-04-12 12:00:00,NOR
66,67,h087,2005-02-14 12:00:00,2005-03-15 12:00:00,NOR
67,68,h010,2003-02-27 12:00:00,2003-03-28 12:00:00,NOR
68,69,h149,2002-03-20 12:00:00,2002-04-18 12:00:00,NOR
69,70,h061,2000-03-08 12:00:00,2000-04-06 12:00:00,NOR
70,71,h129,2000-03-06 12:00:00,2000-04-04 12:00:00,NOR
71,72,h163,2005-03-21 12:00:00,2005-04-19 12:00:00,NOR
72,73,h053,2002-03-09 12:00:00,2002-04-07 12:00:00,NOR
73,74,h143,2000-03-13 12:00:00,2000-04-11 12:00:00,NOR
74,75,h150,2004-03-24 12:00:00,2004-04-22 12:00:00,NOR
75,76,h069,2006-03-18 12:00:00,2006-04-16 12:00:00,NOR
76,77,h156,2004-03-11 12:00:00,2004-04-09 12:00:00,NOR
77,78,h095,2000-03-09 12:00:00,2000-04-07 12:00:00,NOR
78,79,h140,2004-02-26 12:00:00,2004-03-26 12:00:00,NOR
79,80,h069,2006-01-17 12:00:00,2006-02-15 12:00:00,NOR
80,81,h061,2005-02-17 12:00:00,2005-03-18 12:00:00,NOR
81,82,h045,2009-01-27 12:00:00,2009-02-25 12:00:00,NOR
82,83,h039,2007-03-15 12:00:00,2007-04-13 12:00:00,NOR
83,84,h046,2002-01-22 12:00:00,2002-02-20 12:00:00,NOR
84,85,h024,2001-02-22 12:00:00,2001-03-23 12:00:00,NOR
85,86,h116,2009-03-11 12:00:00,2009-04-09 12:00:00,NOR
86,87,h013,2009-03-01 12:00:00,2009-03-30 12:00:00,NOR
87,88,h033,2007-03-10 12:00:00,2007-04-08 12:00:00,NOR
88,89,h032,2001-03-17 12:00:00,2001-04-15 12:00:00,NOR
89,90,h119,2000-02-24 12:00:00,2000-03-24 12:00:00,NOR
90,91,h168,2000-03-06 12:00:00,2000-04-04 12:00:00,NOR
91,92,h158,2007-03-27 12:00:00,2007-04-25 12:00:00,NOR
92,93,h143,2009-03-04 12:00:00,2009-04-02 12:00:00,NOR
93,94,h100,2009-03-19 12:00:00,2009-04-17 12:00:00,NOR
94,95,h067,2009-03-23 12:00:00,2009-04-21 12:00:00,NOR
95,96,h063,2000-03-16 12:00:00,2000-04-14 12:00:00,NOR
96,97,h045,2000-03-11 12:00:00,2000-04-09 12:00:00,NOR
97,98,h128,2008-02-10 12:00:00,2008-03-10 12:00:00,NOR
98,99,h153,2002-02-02 12:00:00,2002-03-03 12:00:00,NOR
99,100,h039,2006-03-16 12:00:00,2006-04-14 12:00:00,NOR
100,101,h059,2000-03-02 12:00:00,2000-03-31 12:00:00,NOR
101,102,h033,2008-01-12 12:00:00,2008-02-10 12:00:00,NOR
102,103,h069,2005-12-18 12:00:00,2006-01-16 12:00:00,NOR
103,104,h086,2005-02-17 12:00:00,2005-03-18 12:00:00,NOR
104,105,h154,2001-03-05 12:00:00,2001-04-03 12:00:00,NOR
105,106,h141,2006-03-13 12:00:00,2006-04-11 12:00:00,NOR
106,107,h020,2009-03-07 12:00:00,2009-04-05 12:00:00,NOR
107,108,h168,2003-01-09 12:00:00,2003-02-07 12:00:00,NOR
108,109,h143,2005-03-09 12:00:00,2005-04-07 12:00:00,NOR
109,110,h056,2005-03-20 12:00:00,2005-04-18 12:00:00,NOR
110,111,h055,2003-03-27 12:00:00,2003-04-25 12:00:00,NOR
111,112,h033,2007-01-09 12:00:00,2007-02-07 12:00:00,NOR
112,113,h087,2003-03-07 12:00:00,2003-04-05 12:00:00,NOR
113,114,h046,2008-02-27 12:00:00,2008-03-27 12:00:00,NOR
114,115,h059,2006-03-09 12:00:00,2006-04-07 12:00:00,NOR
115,116,h119,2005-03-03 12:00:00,2005-04-01 12:00:00,NOR
116,117,h138,2006-03-12 12:00:00,2006-04-10 12:00:00,NOR
117,118,h102,2009-02-15 12:00:00,2009-03-16 12:00:00,NOR
118,119,h109,2005-03-06 12:00:00,2005-04-04 12:00:00,NOR
119,120,h168,2001-03-10 12:00:00,2001-04-08 12:00:00,NOR
120,121,h089,2009-02-05 12:00:00,2009-03-06 12:00:00,NOR
121,122,h102,2008-03-05 12:00:00,2008-04-03 12:00:00,NOR
122,123,h096,2008-03-17 12:00:00,2008-04-15 12:00:00,NOR
123,124,h061,2001-01-20 12:00:00,2001-02-18 12:00:00,NOR
124,125,h125,2003-02-26 12:00:00,2003-03-27 12:00:00,NOR
125,126,h120,2008-01-02 12:00:00,2008-01-31 12:00:00,NOR
126,127,h086,2007-03-09 12:00:00,2007-04-07 12:00:00,NOR
127,128,h064,2005-03-18 12:00:00,2005-04-16 12:00:00,NOR
128,129,h092,2001-03-18 12:00:00,2001-04-16 12:00:00,NOR
129,130,h158,2002-03-07 12:00:00,2002-04-05 12:00:00,NOR
130,131,h103,2006-03-17 12:00:00,2006-04-15 12:00:00,NOR
131,132,h145,2008-03-06 12:00:00,2008-04-04 12:00:00,NOR
132,133,h084,2000-02-06 12:00:00,2000-03-06 12:00:00,NOR
133,134,h105,2008-03-09 12:00:00,2008-04-07 12:00:00,NOR
134,135,h089,2002-03-23 12:00:00,2002-04-21 12:00:00,NOR
135,136,h147,2005-03-26 12:00:00,2005-04-24 12:00:00,NOR
136,137,h142,2008-03-22 12:00:00,2008-04-20 12:00:00,NOR
137,138,h152,2008-02-20 12:00:00,2008-03-20 12:00:00,NOR
138,139,h068,2007-02-02 12:00:00,2007-03-03 12:00:00,NOR
139,140,h144,2000-02-15 12:00:00,2000-03-15 12:00:00,NOR
140,141,h118,2007-02-06 12:00:00,2007-03-07 12:00:00,NOR
141,142,h069,2007-02-24 12:00:00,2007-03-25 12:00:00,NOR
142,143,h147,2003-02-03 12:00:00,2003-03-04 12:00:00,NOR
143,144,h096,2002-03-19 12:00:00,2002-04-17 12:00:00,NOR
144,145,h059,2001-02-26 12:00:00,2001-03-27 12:00:00,NOR
145,146,h053,2003-03-14 12:00:00,2003-04-12 12:00:00,NOR
146,147,h066,2003-03-26 12:00:00,2003-04-24 12:00:00,NOR
147,148,h055,2007-02-22 12:00:00,2007-03-23 12:00:00,NOR
148,149,h145,2003-03-06 12:00:00,2003-04-04 12:00:00,NOR
149,150,h059,2003-02-26 12:00:00,2003-03-27 12:00:00,NOR
150,151,h063,2001-03-05 12:00:00,2001-04-03 12:00:00,NOR
151,152,h021,2007-03-15 12:00:00,2007-04-13 12:00:00,NOR
152,153,h142,2002-03-18 12:00:00,2002-04-16 12:00:00,NOR
153,154,h141,2006-02-11 12:00:00,2006-03-12 12:00:00,NOR
154,155,h059,2006-02-07 12:00:00,2006-03-08 12:00:00,NOR
155,156,h040,2004-03-15 12:00:00,2004-04-13 12:00:00,NOR
156,157,h150,2003-03-27 12:00:00,2003-04-25 12:00:00,NOR
157,158,h140,2009-02-21 12:00:00,2009-03-22 12:00:00,NOR
158,159,h145,2008-02-01 12:00:00,2008-03-01 12:00:00,NOR
159,160,h020,2002-03-10 12:00:00,2002-04-08 12:00:00,NOR
160,1,h147,2005-02-24 12:00:00,2005-03-25 12:00:00,SWE
161,2,h046,2002-02-28 12:00:00,2002-03-29 12:00:00,SWE
162,3,h148,2000-03-02 12:00:00,2000-03-31 12:00:00,SWE
163,4,h150,2003-02-06 12:00:00,2003-03-07 12:00:00,SWE
164,5,h118,2006-01-26 12:00:00,2006-02-24 12:00:00,SWE
165,6,h146,2001-03-05 12:00:00,2001-04-03 12:00:00,SWE
166,7,h165,2006-03-02 12:00:00,2006-03-31 12:00:00,SWE
167,8,h103,2006-02-16 12:00:00,2006-03-17 12:00:00,SWE
168,9,h061,2004-01-12 12:00:00,2004-02-10 12:00:00,SWE
169,10,h150,2003-01-07 12:00:00,2003-02-05 12:00:00,SWE
170,11,h151,2007-02-02 12:00:00,2007-03-03 12:00:00,SWE
171,12,h069,2005-02-10 12:00:00,2005-03-11 12:00:00,SWE
172,13,h069,2005-12-07 12:00:00,2006-01-05 12:00:00,SWE
173,14,h118,2007-01-05 12:00:00,2007-02-03 12:00:00,SWE
174,15,h068,2006-03-13 12:00:00,2006-04-11 12:00:00,SWE
175,16,h025,2000-02-19 12:00:00,2000-03-19 12:00:00,SWE
176,17,h150,2003-03-16 12:00:00,2003-04-14 12:00:00,SWE
177,18,h069,2004-03-05 12:00:00,2004-04-03 12:00:00,SWE
178,19,h118,2007-03-08 12:00:00,2007-04-06 12:00:00,SWE
179,20,h151,2007-03-07 12:00:00,2007-04-05 12:00:00,SWE
180,21,h102,2008-02-04 12:00:00,2008-03-04 12:00:00,SWE
181,22,h141,2003-02-04 12:00:00,2003-03-05 12:00:00,SWE
182,23,h048,2000-02-10 12:00:00,2000-03-10 12:00:00,SWE
183,24,h120,2008-02-09 12:00:00,2008-03-09 12:00:00,SWE
184,25,h010,2003-01-16 12:00:00,2003-02-14 12:00:00,SWE
185,26,h163,2005-03-17 12:00:00,2005-04-15 12:00:00,SWE
186,27,h145,2007-03-20 12:00:00,2007-04-18 12:00:00,SWE
187,28,h092,2001-03-12 12:00:00,2001-04-10 12:00:00,SWE
188,29,h090,2000-03-09 12:00:00,2000-04-07 12:00:00,SWE
189,30,h118,2006-02-25 12:00:00,2006-03-26 12:00:00,SWE
190,31,h146,2002-03-05 12:00:00,2002-04-03 12:00:00,SWE
191,32,h069,2006-02-13 12:00:00,2006-03-14 12:00:00,SWE
192,33,h059,2003-02-26 12:00:00,2003-03-27 12:00:00,SWE
193,34,h021,2006-03-07 12:00:00,2006-04-05 12:00:00,SWE
194,35,h087,2006-03-09 12:00:00,2006-04-07 12:00:00,SWE
195,36,h154,2005-03-18 12:00:00,2005-04-16 12:00:00,SWE
196,37,h147,2002-02-28 12:00:00,2002-03-29 12:00:00,SWE
197,38,h138,2006-03-12 12:00:00,2006-04-10 12:00:00,SWE
198,39,h053,2002-03-09 12:00:00,2002-04-07 12:00:00,SWE
199,40,h118,2002-03-12 12:00:00,2002-04-10 12:00:00,SWE
200,41,h063,2001-02-24 12:00:00,2001-03-25 12:00:00,SWE
201,42,h058,2004-03-04 12:00:00,2004-04-02 12:00:00,SWE
202,43,h149,2002-03-07 12:00:00,2002-04-05 12:00:00,SWE
203,44,h067,2009-03-26 12:00:00,2009-04-24 12:00:00,SWE
204,45,h013,2008-03-09 12:00:00,2008-04-07 12:00:00,SWE
205,46,h033,2007-03-02 12:00:00,2007-03-31 12:00:00,SWE
206,47,h103,2006-03-18 12:00:00,2006-04-16 12:00:00,SWE
207,48,h052,2001-02-28 12:00:00,2001-03-29 12:00:00,SWE
208,49,h157,2000-02-12 12:00:00,2000-03-12 12:00:00,SWE
209,50,h069,2006-03-15 12:00:00,2006-04-13 12:00:00,SWE
210,51,h053,2006-03-16 12:00:00,2006-04-14 12:00:00,SWE
211,52,h046,2002-01-29 12:00:00,2002-02-27 12:00:00,SWE
212,53,h046,2003-03-13 12:00:00,2003-04-11 12:00:00,SWE
213,54,h096,2008-03-18 12:00:00,2008-04-16 12:00:00,SWE
214,55,h048,2000-03-12 12:00:00,2000-04-10 12:00:00,SWE
215,56,h047,2002-04-01 12:00:00,2002-04-30 12:00:00,SWE
216,57,h032,2007-03-01 12:00:00,2007-03-30 12:00:00,SWE
217,58,h150,2004-03-18 12:00:00,2004-04-16 12:00:00,SWE
218,59,h052,2002-03-15 12:00:00,2002-04-13 12:00:00,SWE
219,60,h141,2003-03-06 12:00:00,2003-04-04 12:00:00,SWE
220,61,h064,2001-03-20 12:00:00,2001-04-18 12:00:00,SWE
221,62,h143,2009-03-05 12:00:00,2009-04-03 12:00:00,SWE
222,63,h146,2001-04-04 12:00:00,2001-05-03 12:00:00,SWE
223,64,h102,2009-02-16 12:00:00,2009-03-17 12:00:00,SWE
224,65,h160,2004-02-27 12:00:00,2004-03-27 12:00:00,SWE
225,66,h117,2006-02-26 12:00:00,2006-03-27 12:00:00,SWE
226,67,h147,2005-03-26 12:00:00,2005-04-24 12:00:00,SWE
227,68,h081,2000-03-13 12:00:00,2000-04-11 12:00:00,SWE
228,69,h143,2005-03-09 12:00:00,2005-04-07 12:00:00,SWE
229,70,h068,2006-02-11 12:00:00,2006-03-12 12:00:00,SWE
230,71,h056,2003-03-24 12:00:00,2003-04-22 12:00:00,SWE
231,72,h102,2008-03-05 12:00:00,2008-04-03 12:00:00,SWE
232,73,h010,2003-02-26 12:00:00,2003-03-27 12:00:00,SWE
233,74,h096,2002-03-10 12:00:00,2002-04-08 12:00:00,SWE
234,75,h061,2005-02-28 12:00:00,2005-03-29 12:00:00,SWE
235,76,h087,2002-03-09 12:00:00,2002-04-07 12:00:00,SWE
236,77,h152,2004-03-16 12:00:00,2004-04-14 12:00:00,SWE
237,78,h033,2002-03-14 12:00:00,2002-04-12 12:00:00,SWE
238,79,h169,2005-03-10 12:00:00,2005-04-08 12:00:00,SWE
239,80,h093,2001-03-09 12:00:00,2001-04-07 12:00:00,SWE
240,81,h102,2008-01-03 12:00:00,2008-02-01 12:00:00,SWE
241,82,h142,2001-03-18 12:00:00,2001-04-16 12:00:00,SWE
242,83,h061,2001-03-28 12:00:00,2001-04-26 12:00:00,SWE
243,84,h069,2006-01-10 12:00:00,2006-02-08 12:00:00,SWE
244,85,h161,2003-03-20 12:00:00,2003-04-18 12:00:00,SWE
245,86,h150,2002-12-08 12:00:00,2003-01-06 12:00:00,SWE
246,87,h096,2007-03-22 12:00:00,2007-04-20 12:00:00,SWE
247,88,h056,2005-03-24 12:00:00,2005-04-22 12:00:00,SWE
248,89,h168,2003-03-07 12:00:00,2003-04-05 12:00:00,SWE
249,90,h142,2002-03-18 12:00:00,2002-04-16 12:00:00,SWE
250,91,h148,2003-04-03 12:00:00,2003-05-02 12:00:00,SWE
251,92,h148,2000-04-01 12:00:00,2000-04-30 12:00:00,SWE
252,93,h069,2005-01-11 12:00:00,2005-02-09 12:00:00,SWE
253,94,h147,2003-01-30 12:00:00,2003-02-28 12:00:00,SWE
254,95,h156,2003-03-27 12:00:00,2003-04-25 12:00:00,SWE
255,96,h147,2005-01-25 12:00:00,2005-02-23 12:00:00,SWE
256,97,h146,2001-02-03 12:00:00,2001-03-04 12:00:00,SWE
257,98,h111,2002-03-21 12:00:00,2002-04-19 12:00:00,SWE
258,99,h059,2002-03-22 12:00:00,2002-04-20 12:00:00,SWE
259,100,h087,2000-03-16 12:00:00,2000-04-14 12:00:00,SWE
260,101,h069,2001-03-17 12:00:00,2001-04-15 12:00:00,SWE
261,102,h097,2003-03-20 12:00:00,2003-04-18 12:00:00,SWE
262,103,h061,2001-02-21 12:00:00,2001-03-22 12:00:00,SWE
263,104,h010,2002-12-09 12:00:00,2003-01-07 12:00:00,SWE
264,105,h093,2002-03-21 12:00:00,2002-04-19 12:00:00,SWE
265,106,h118,2007-02-06 12:00:00,2007-03-07 12:00:00,SWE
266,107,h124,2002-03-25 12:00:00,2002-04-23 12:00:00,SWE
267,108,h047,2009-03-26 12:00:00,2009-04-24 12:00:00,SWE
268,109,h052,2006-03-15 12:00:00,2006-04-13 12:00:00,SWE
269,110,h148,2002-03-22 12:00:00,2002-04-20 12:00:00,SWE
270,111,h045,2009-03-25 12:00:00,2009-04-23 12:00:00,SWE
271,112,h141,2003-01-05 12:00:00,2003-02-03 12:00:00,SWE
272,113,h111,2005-03-25 12:00:00,2005-04-23 12:00:00,SWE
273,114,h081,2000-02-12 12:00:00,2000-03-12 12:00:00,SWE
274,115,h078,2006-01-16 12:00:00,2006-02-14 12:00:00,SWE
275,116,h069,2005-03-12 12:00:00,2005-04-10 12:00:00,SWE
276,117,h147,2001-03-15 12:00:00,2001-04-13 12:00:00,SWE
277,118,h146,2002-04-04 12:00:00,2002-05-03 12:00:00,SWE
278,119,h121,2006-03-15 12:00:00,2006-04-13 12:00:00,SWE
279,120,h151,2007-01-03 12:00:00,2007-02-01 12:00:00,SWE
280,121,h098,2000-03-05 12:00:00,2000-04-03 12:00:00,SWE
281,122,h102,2009-01-17 12:00:00,2009-02-15 12:00:00,SWE
282,123,h149,2002-02-05 12:00:00,2002-03-06 12:00:00,SWE
283,124,h055,2006-03-16 12:00:00,2006-04-14 12:00:00,SWE
284,125,h152,2001-03-15 12:00:00,2001-04-13 12:00:00,SWE
285,126,h103,2006-01-17 12:00:00,2006-02-15 12:00:00,SWE
286,127,h033,2007-01-31 12:00:00,2007-03-01 12:00:00,SWE
287,128,h145,2008-03-22 12:00:00,2008-04-20 12:00:00,SWE
288,129,h152,2000-02-24 12:00:00,2000-03-24 12:00:00,SWE
289,130,h120,2008-01-10 12:00:00,2008-02-08 12:00:00,SWE
290,131,h021,2006-02-05 12:00:00,2006-03-06 12:00:00,SWE
291,132,h148,2000-02-01 12:00:00,2000-03-01 12:00:00,SWE
292,133,h140,2003-04-03 12:00:00,2003-05-02 12:00:00,SWE
293,134,h078,2009-02-12 12:00:00,2009-03-13 12:00:00,SWE
294,135,h163,2004-03-21 12:00:00,2004-04-19 12:00:00,SWE
295,136,h030,2007-04-05 12:00:00,2007-05-04 12:00:00,SWE
296,137,h052,2001-01-29 12:00:00,2001-02-27 12:00:00,SWE
297,138,h160,2005-03-24 12:00:00,2005-04-22 12:00:00,SWE
298,139,h144,2001-03-29 12:00:00,2001-04-27 12:00:00,SWE
299,140,h037,2005-03-10 12:00:00,2005-04-08 12:00:00,SWE
300,141,h078,2006-02-16 12:00:00,2006-03-17 12:00:00,SWE
301,142,h020,2009-03-05 12:00:00,2009-04-03 12:00:00,SWE
302,143,h027,2007-03-19 12:00:00,2007-04-17 12:00:00,SWE
303,144,h085,2005-03-13 12:00:00,2005-04-11 12:00:00,SWE
304,145,h163,2009-02-26 12:00:00,2009-03-27 12:00:00,SWE
305,146,h121,2006-01-12 12:00:00,2006-02-10 12:00:00,SWE
306,147,h087,2007-02-28 12:00:00,2007-03-29 12:00:00,SWE
307,148,h148,2009-04-02 12:00:00,2009-05-01 12:00:00,SWE
308,149,h061,2005-01-13 12:00:00,2005-02-11 12:00:00,SWE
309,150,h161,2003-12-12 12:00:00,2004-01-10 12:00:00,SWE
310,151,h058,2004-02-03 12:00:00,2004-03-03 12:00:00,SWE
311,152,h121,2006-02-13 12:00:00,2006-03-14 12:00:00,SWE
312,153,h145,2005-03-23 12:00:00,2005-04-21 12:00:00,SWE
313,154,h143,2009-02-03 12:00:00,2009-03-04 12:00:00,SWE
314,155,h152,2005-03-28 12:00:00,2005-04-26 12:00:00,SWE
315,156,h161,2004-02-01 12:00:00,2004-03-01 12:00:00,SWE
316,157,h160,2004-01-28 12:00:00,2004-02-26 12:00:00,SWE
317,158,h056,2004-02-26 12:00:00,2004-03-26 12:00:00,SWE
318,159,h044,2002-03-20 12:00:00,2002-04-18 12:00:00,SWE
319,160,h146,2002-02-03 12:00:00,2002-03-04 12:00:00,SWE
320,1,h120,2006-01-02 12:00:00,2006-01-31 12:00:00,CHE
321,2,h088,2001-01-10 12:00:00,2001-02-08 12:00:00,CHE
322,3,h157,2005-12-29 12:00:00,2006-01-27 12:00:00,CHE
323,4,h132,2004-02-11 12:00:00,2004-03-11 12:00:00,CHE
324,5,h036,2004-12-14 12:00:00,2005-01-12 12:00:00,CHE
325,6,h132,2004-01-12 12:00:00,2004-02-10 12:00:00,CHE
326,7,h121,2006-01-11 12:00:00,2006-02-09 12:00:00,CHE
327,8,h096,2006-12-25 12:00:00,2007-01-23 12:00:00,CHE
328,9,h083,2005-12-29 12:00:00,2006-01-27 12:00:00,CHE
329,10,h096,2007-12-25 12:00:00,2008-01-23 12:00:00,CHE
330,11,h142,2007-02-14 12:00:00,2007-03-15 12:00:00,CHE
331,12,h144,2006-01-01 12:00:00,2006-01-30 12:00:00,CHE
332,13,h078,2003-01-08 12:00:00,2003-02-06 12:00:00,CHE
333,14,h113,2006-12-21 12:00:00,2007-01-19 12:00:00,CHE
334,15,h023,2003-12-25 12:00:00,2004-01-23 12:00:00,CHE
335,16,h107,2006-01-26 12:00:00,2006-02-24 12:00:00,CHE
336,17,h078,2004-01-01 12:00:00,2004-01-30 12:00:00,CHE
337,18,h051,2005-01-13 12:00:00,2005-02-11 12:00:00,CHE
338,19,h101,2000-12-26 12:00:00,2001-01-24 12:00:00,CHE
339,20,h034,2006-12-26 12:00:00,2007-01-24 12:00:00,CHE
340,21,h146,2005-02-24 12:00:00,2005-03-25 12:00:00,CHE
341,22,h156,2003-01-02 12:00:00,2003-01-31 12:00:00,CHE
342,23,h053,2008-01-17 12:00:00,2008-02-15 12:00:00,CHE
343,24,h090,2004-01-15 12:00:00,2004-02-13 12:00:00,CHE
344,25,h042,2002-01-30 12:00:00,2002-02-28 12:00:00,CHE
345,26,h034,2007-02-12 12:00:00,2007-03-13 12:00:00,CHE
346,27,h102,2001-01-01 12:00:00,2001-01-30 12:00:00,CHE
347,28,h107,2008-01-03 12:00:00,2008-02-01 12:00:00,CHE
348,29,h020,2008-01-24 12:00:00,2008-02-22 12:00:00,CHE
349,30,h088,2002-01-03 12:00:00,2002-02-01 12:00:00,CHE
350,31,h036,2008-12-11 12:00:00,2009-01-09 12:00:00,CHE
351,32,h103,2006-02-16 12:00:00,2006-03-17 12:00:00,CHE
352,33,h144,2002-01-31 12:00:00,2002-03-01 12:00:00,CHE
353,34,h088,2001-02-09 12:00:00,2001-03-10 12:00:00,CHE
354,35,h023,2004-12-09 12:00:00,2005-01-07 12:00:00,CHE
355,36,h166,2009-01-21 12:00:00,2009-02-19 12:00:00,CHE
356,37,h053,2007-12-18 12:00:00,2008-01-16 12:00:00,CHE
357,38,h086,2005-01-27 12:00:00,2005-02-25 12:00:00,CHE
358,39,h119,2009-01-20 12:00:00,2009-02-18 12:00:00,CHE
359,40,h107,2000-02-03 12:00:00,2000-03-03 12:00:00,CHE
360,41,h135,2007-11-27 12:00:00,2007-12-26 12:00:00,CHE
361,42,h083,2004-12-31 12:00:00,2005-01-29 12:00:00,CHE
362,43,h098,2004-01-22 12:00:00,2004-02-20 12:00:00,CHE
363,44,h011,2008-01-24 12:00:00,2008-02-22 12:00:00,CHE
364,45,h119,2008-12-16 12:00:00,2009-01-14 12:00:00,CHE
365,46,h131,2009-01-14 12:00:00,2009-02-12 12:00:00,CHE
366,47,h036,2007-01-31 12:00:00,2007-03-01 12:00:00,CHE
367,48,h065,2000-02-17 12:00:00,2000-03-17 12:00:00,CHE
368,49,h035,2003-02-06 12:00:00,2003-03-07 12:00:00,CHE
369,50,h024,2000-02-25 12:00:00,2000-03-25 12:00:00,CHE
370,51,h103,2005-01-12 12:00:00,2005-02-10 12:00:00,CHE
371,52,h100,2002-12-08 12:00:00,2003-01-06 12:00:00,CHE
372,53,h102,2007-01-30 12:00:00,2007-02-28 12:00:00,CHE
373,54,h100,2001-01-25 12:00:00,2001-02-23 12:00:00,CHE
374,55,h107,2005-12-27 12:00:00,2006-01-25 12:00:00,CHE
375,56,h064,2000-02-01 12:00:00,2000-03-01 12:00:00,CHE
376,57,h076,2003-01-13 12:00:00,2003-02-11 12:00:00,CHE
377,58,h014,2004-02-03 12:00:00,2004-03-03 12:00:00,CHE
378,59,h036,2006-02-09 12:00:00,2006-03-10 12:00:00,CHE
379,60,h141,2008-01-31 12:00:00,2008-02-29 12:00:00,CHE
380,61,h015,2003-12-17 12:00:00,2004-01-15 12:00:00,CHE
381,62,h066,2000-02-07 12:00:00,2000-03-07 12:00:00,CHE
382,63,h136,2009-01-23 12:00:00,2009-02-21 12:00:00,CHE
383,64,h157,2008-01-22 12:00:00,2008-02-20 12:00:00,CHE
384,65,h086,2002-01-10 12:00:00,2002-02-08 12:00:00,CHE
385,66,h096,2007-01-25 12:00:00,2007-02-23 12:00:00,CHE
386,67,h079,2001-12-31 12:00:00,2002-01-29 12:00:00,CHE
387,68,h042,2001-12-31 12:00:00,2002-01-29 12:00:00,CHE
388,69,h036,2009-01-20 12:00:00,2009-02-18 12:00:00,CHE
389,70,h063,2007-02-16 12:00:00,2007-03-17 12:00:00,CHE
390,71,h120,2005-11-24 12:00:00,2005-12-23 12:00:00,CHE
391,72,h036,2006-12-11 12:00:00,2007-01-09 12:00:00,CHE
392,73,h043,2006-03-03 12:00:00,2006-04-01 12:00:00,CHE
393,74,h032,2004-01-12 12:00:00,2004-02-10 12:00:00,CHE
394,75,h099,2008-02-07 12:00:00,2008-03-07 12:00:00,CHE
395,76,h134,2001-01-25 12:00:00,2001-02-23 12:00:00,CHE
396,77,h142,2002-01-17 12:00:00,2002-02-15 12:00:00,CHE
397,78,h081,2001-12-24 12:00:00,2002-01-22 12:00:00,CHE
398,79,h156,2002-12-03 12:00:00,2003-01-01 12:00:00,CHE
399,80,h136,2005-12-17 12:00:00,2006-01-15 12:00:00,CHE
400,81,h078,2008-01-14 12:00:00,2008-02-12 12:00:00,CHE
401,82,h063,2001-02-08 12:00:00,2001-03-09 12:00:00,CHE
402,83,h132,2002-01-10 12:00:00,2002-02-08 12:00:00,CHE
403,84,h127,2002-01-24 12:00:00,2002-02-22 12:00:00,CHE
404,85,h051,2002-01-10 12:00:00,2002-02-08 12:00:00,CHE
405,86,h027,2003-01-26 12:00:00,2003-02-24 12:00:00,CHE
406,87,h108,2003-02-06 12:00:00,2003-03-07 12:00:00,CHE
407,88,h141,2009-02-05 12:00:00,2009-03-06 12:00:00,CHE
408,89,h090,2004-02-26 12:00:00,2004-03-26 12:00:00,CHE
409,90,h015,2000-02-01 12:00:00,2000-03-01 12:00:00,CHE
410,91,h161,2006-01-18 12:00:00,2006-02-16 12:00:00,CHE
411,92,h144,2006-02-06 12:00:00,2006-03-07 12:00:00,CHE
412,93,h083,2000-02-01 12:00:00,2000-03-01 12:00:00,CHE
413,94,h067,2001-02-04 12:00:00,2001-03-05 12:00:00,CHE
414,95,h012,2007-01-23 12:00:00,2007-02-21 12:00:00,CHE
415,96,h058,2002-02-17 12:00:00,2002-03-18 12:00:00,CHE
416,97,h041,2006-01-11 12:00:00,2006-02-09 12:00:00,CHE
417,98,h020,2003-12-21 12:00:00,2004-01-19 12:00:00,CHE
418,99,h065,2002-01-31 12:00:00,2002-03-01 12:00:00,CHE
419,100,h141,2000-02-07 12:00:00,2000-03-07 12:00:00,CHE
420,101,h061,2007-01-24 12:00:00,2007-02-22 12:00:00,CHE
421,102,h052,2005-03-10 12:00:00,2005-04-08 12:00:00,CHE
422,103,h100,2003-01-07 12:00:00,2003-02-05 12:00:00,CHE
423,104,h072,2004-01-19 12:00:00,2004-02-17 12:00:00,CHE
424,105,h023,2005-02-17 12:00:00,2005-03-18 12:00:00,CHE
425,106,h142,2002-02-16 12:00:00,2002-03-17 12:00:00,CHE
426,107,h086,2004-12-28 12:00:00,2005-01-26 12:00:00,CHE
427,108,h068,2009-01-08 12:00:00,2009-02-06 12:00:00,CHE
428,109,h092,2007-01-23 12:00:00,2007-02-21 12:00:00,CHE
429,110,h042,2000-12-07 12:00:00,2001-01-05 12:00:00,CHE
430,111,h078,2007-12-06 12:00:00,2008-01-04 12:00:00,CHE
431,112,h097,2001-01-04 12:00:00,2001-02-02 12:00:00,CHE
432,113,h082,2007-01-25 12:00:00,2007-02-23 12:00:00,CHE
433,114,h151,2002-01-24 12:00:00,2002-02-22 12:00:00,CHE
434,115,h055,2005-01-10 12:00:00,2005-02-08 12:00:00,CHE
435,116,h057,2007-12-04 12:00:00,2008-01-02 12:00:00,CHE
436,117,h083,2007-01-04 12:00:00,2007-02-02 12:00:00,CHE
437,118,h119,2009-02-19 12:00:00,2009-03-20 12:00:00,CHE
438,119,h124,2002-02-14 12:00:00,2002-03-15 12:00:00,CHE
439,120,h067,2009-02-05 12:00:00,2009-03-06 12:00:00,CHE
440,121,h077,2004-02-14 12:00:00,2004-03-14 12:00:00,CHE
441,122,h130,2002-01-23 12:00:00,2002-02-21 12:00:00,CHE
442,123,h129,2002-12-31 12:00:00,2003-01-29 12:00:00,CHE
443,124,h096,2006-11-15 12:00:00,2006-12-14 12:00:00,CHE
444,125,h085,2008-12-22 12:00:00,2009-01-20 12:00:00,CHE
445,126,h034,2004-01-15 12:00:00,2004-02-13 12:00:00,CHE
446,127,h146,2001-02-13 12:00:00,2001-03-14 12:00:00,CHE
447,128,h053,2007-11-18 12:00:00,2007-12-17 12:00:00,CHE
448,129,h144,2006-03-09 12:00:00,2006-04-07 12:00:00,CHE
449,130,h085,2007-02-01 12:00:00,2007-03-02 12:00:00,CHE
450,131,h061,2006-12-25 12:00:00,2007-01-23 12:00:00,CHE
451,132,h042,2001-01-24 12:00:00,2001-02-22 12:00:00,CHE
452,133,h078,2003-12-02 12:00:00,2003-12-31 12:00:00,CHE
453,134,h142,2007-01-15 12:00:00,2007-02-13 12:00:00,CHE
454,135,h166,2008-12-22 12:00:00,2009-01-20 12:00:00,CHE
455,136,h051,2004-01-07 12:00:00,2004-02-05 12:00:00,CHE
456,137,h043,2001-02-22 12:00:00,2001-03-23 12:00:00,CHE
457,138,h080,2003-01-13 12:00:00,2003-02-11 12:00:00,CHE
458,139,h145,2002-02-07 12:00:00,2002-03-08 12:00:00,CHE
459,140,h120,2006-02-11 12:00:00,2006-03-12 12:00:00,CHE
460,141,h059,2004-01-22 12:00:00,2004-02-20 12:00:00,CHE
461,142,h035,2003-12-11 12:00:00,2004-01-09 12:00:00,CHE
462,143,h011,2008-02-23 12:00:00,2008-03-23 12:00:00,CHE
463,144,h111,2004-02-12 12:00:00,2004-03-12 12:00:00,CHE
464,145,h141,2009-01-01 12:00:00,2009-01-30 12:00:00,CHE
465,146,h161,2005-11-10 12:00:00,2005-12-09 12:00:00,CHE
466,147,h168,2008-02-18 12:00:00,2008-03-18 12:00:00,CHE
467,148,h157,2005-11-29 12:00:00,2005-12-28 12:00:00,CHE
468,149,h044,2003-02-05 12:00:00,2003-03-06 12:00:00,CHE
469,150,h035,2002-02-21 12:00:00,2002-03-22 12:00:00,CHE
470,151,h036,2005-02-06 12:00:00,2005-03-07 12:00:00,CHE
471,152,h106,2002-01-11 12:00:00,2002-02-09 12:00:00,CHE
472,153,h010,2001-02-21 12:00:00,2001-03-22 12:00:00,CHE
473,154,h123,2005-01-09 12:00:00,2005-02-07 12:00:00,CHE
474,155,h020,2002-01-17 12:00:00,2002-02-15 12:00:00,CHE
475,156,h053,2007-01-18 12:00:00,2007-02-16 12:00:00,CHE
476,157,h144,2004-01-12 12:00:00,2004-02-10 12:00:00,CHE
477,158,h077,2005-01-27 12:00:00,2005-02-25 12:00:00,CHE
478,159,h065,2002-01-01 12:00:00,2002-01-30 12:00:00,CHE
479,160,h100,2002-01-25 12:00:00,2002-02-23 12:00:00,CHE
480,1,h051,2004-08-02 12:00:00,2004-08-31 12:00:00,ITA
481,2,h114,2007-07-26 12:00:00,2007-08-24 12:00:00,ITA
482,3,h119,2008-08-21 12:00:00,2008-09-19 12:00:00,ITA
483,4,h154,2004-07-15 12:00:00,2004-08-13 12:00:00,ITA
484,5,h121,2001-07-26 12:00:00,2001-08-24 12:00:00,ITA
485,6,h015,2003-08-18 12:00:00,2003-09-16 12:00:00,ITA
486,7,h072,2003-07-28 12:00:00,2003-08-26 12:00:00,ITA
487,8,h161,2002-07-16 12:00:00,2002-08-14 12:00:00,ITA
488,9,h108,2003-07-10 12:00:00,2003-08-08 12:00:00,ITA
489,10,h130,2001-08-09 12:00:00,2001-09-07 12:00:00,ITA
490,11,h080,2001-07-19 12:00:00,2001-08-17 12:00:00,ITA
491,12,h023,2004-08-03 12:00:00,2004-09-01 12:00:00,ITA
492,13,h166,2006-08-03 12:00:00,2006-09-01 12:00:00,ITA
493,14,h089,2006-07-24 12:00:00,2006-08-22 12:00:00,ITA
494,15,h016,2007-08-02 12:00:00,2007-08-31 12:00:00,ITA
495,16,h132,2009-08-10 12:00:00,2009-09-08 12:00:00,ITA
496,17,h042,2003-07-24 12:00:00,2003-08-22 12:00:00,ITA
497,18,h028,2002-07-22 12:00:00,2002-08-20 12:00:00,ITA
498,19,h137,2000-07-03 12:00:00,2000-08-01 12:00:00,ITA
499,20,h153,2006-08-03 12:00:00,2006-09-01 12:00:00,ITA
500,21,h069,2008-07-02 12:00:00,2008-07-31 12:00:00,ITA
501,22,h124,2003-08-11 12:00:00,2003-09-09 12:00:00,ITA
502,23,h077,2004-07-29 12:00:00,2004-08-27 12:00:00,ITA
503,24,h076,2002-08-05 12:00:00,2002-09-03 12:00:00,ITA
504,25,h079,2002-08-08 12:00:00,2002-09-06 12:00:00,ITA
505,26,h017,2000-08-09 12:00:00,2000-09-07 12:00:00,ITA
506,27,h077,2006-07-05 12:00:00,2006-08-03 12:00:00,ITA
507,28,h080,2002-07-24 12:00:00,2002-08-22 12:00:00,ITA
508,29,h161,2009-08-20 12:00:00,2009-09-18 12:00:00,ITA
509,30,h116,2007-08-20 12:00:00,2007-09-18 12:00:00,ITA
510,31,h083,2006-07-13 12:00:00,2006-08-11 12:00:00,ITA
511,32,h065,2006-07-27 12:00:00,2006-08-25 12:00:00,ITA
512,33,h125,2007-08-16 12:00:00,2007-09-14 12:00:00,ITA
513,34,h044,2006-07-26 12:00:00,2006-08-24 12:00:00,ITA
514,35,h090,2009-01-07 12:00:00,2009-02-05 12:00:00,ITA
515,36,h136,2007-07-26 12:00:00,2007-08-24 12:00:00,ITA
516,37,h041,2005-07-21 12:00:00,2005-08-19 12:00:00,ITA
517,38,h036,2006-08-01 12:00:00,2006-08-30 12:00:00,ITA
518,39,h094,2009-07-28 12:00:00,2009-08-26 12:00:00,ITA
519,40,h137,2004-08-17 12:00:00,2004-09-15 12:00:00,ITA
520,41,h061,2006-07-20 12:00:00,2006-08-18 12:00:00,ITA
521,42,h032,2003-08-06 12:00:00,2003-09-04 12:00:00,ITA
522,43,h130,2006-08-02 12:00:00,2006-08-31 12:00:00,ITA
523,44,h135,2009-08-17 12:00:00,2009-09-15 12:00:00,ITA
524,45,h063,2005-08-11 12:00:00,2005-09-09 12:00:00,ITA
525,46,h111,2008-08-13 12:00:00,2008-09-11 12:00:00,ITA
526,47,h096,2006-08-15 12:00:00,2006-09-13 12:00:00,ITA
527,48,h104,2009-07-29 12:00:00,2009-08-27 12:00:00,ITA
528,49,h083,2008-08-21 12:00:00,2008-09-19 12:00:00,ITA
529,50,h032,2002-12-19 12:00:00,2003-01-17 12:00:00,ITA
530,51,h094,2008-07-28 12:00:00,2008-08-26 12:00:00,ITA
531,52,h036,2004-08-16 12:00:00,2004-09-14 12:00:00,ITA
532,53,h086,2004-08-05 12:00:00,2004-09-03 12:00:00,ITA
533,54,h021,2003-08-21 12:00:00,2003-09-19 12:00:00,ITA
534,55,h168,2009-08-04 12:00:00,2009-09-02 12:00:00,ITA
535,56,h057,2001-07-30 12:00:00,2001-08-28 12:00:00,ITA
536,57,h107,2007-07-26 12:00:00,2007-08-24 12:00:00,ITA
537,58,h159,2000-08-03 12:00:00,2000-09-01 12:00:00,ITA
538,59,h113,2001-08-16 12:00:00,2001-09-14 12:00:00,ITA
539,60,h059,2002-12-17 12:00:00,2003-01-15 12:00:00,ITA
540,61,h114,2003-07-24 12:00:00,2003-08-22 12:00:00,ITA
541,62,h110,2004-08-10 12:00:00,2004-09-08 12:00:00,ITA
542,63,h144,2002-01-10 12:00:00,2002-02-08 12:00:00,ITA
543,64,h029,2004-07-22 12:00:00,2004-08-20 12:00:00,ITA
544,65,h016,2004-07-29 12:00:00,2004-08-27 12:00:00,ITA
545,66,h088,2002-07-15 12:00:00,2002-08-13 12:00:00,ITA
546,67,h103,2004-08-26 12:00:00,2004-09-24 12:00:00,ITA
547,68,h015,2003-06-19 12:00:00,2003-07-18 12:00:00,ITA
548,69,h096,2002-12-23 12:00:00,2003-01-21 12:00:00,ITA
549,70,h053,2007-08-13 12:00:00,2007-09-11 12:00:00,ITA
550,71,h057,2007-07-24 12:00:00,2007-08-22 12:00:00,ITA
551,72,h104,2000-07-18 12:00:00,2000-08-16 12:00:00,ITA
552,73,h078,2009-08-20 12:00:00,2009-09-18 12:00:00,ITA
553,74,h066,2007-07-19 12:00:00,2007-08-17 12:00:00,ITA
554,75,h057,2001-12-27 12:00:00,2002-01-25 12:00:00,ITA
555,76,h079,2007-07-16 12:00:00,2007-08-14 12:00:00,ITA
556,77,h012,2005-07-11 12:00:00,2005-08-09 12:00:00,ITA
557,78,h078,2002-12-26 12:00:00,2003-01-24 12:00:00,ITA
558,79,h119,2008-07-22 12:00:00,2008-08-20 12:00:00,ITA
559,80,h096,2007-12-25 12:00:00,2008-01-23 12:00:00,ITA
560,81,h168,2005-08-08 12:00:00,2005-09-06 12:00:00,ITA
561,82,h160,2001-01-04 12:00:00,2001-02-02 12:00:00,ITA
562,83,h166,2006-07-04 12:00:00,2006-08-02 12:00:00,ITA
563,84,h107,2005-08-18 12:00:00,2005-09-16 12:00:00,ITA
564,85,h121,2006-01-10 12:00:00,2006-02-08 12:00:00,ITA
565,86,h145,2001-07-26 12:00:00,2001-08-24 12:00:00,ITA
566,87,h020,2005-01-03 12:00:00,2005-02-01 12:00:00,ITA
567,88,h098,2008-12-25 12:00:00,2009-01-23 12:00:00,ITA
568,89,h124,2007-07-26 12:00:00,2007-08-24 12:00:00,ITA
569,90,h071,2001-08-06 12:00:00,2001-09-04 12:00:00,ITA
570,91,h063,2006-06-29 12:00:00,2006-07-28 12:00:00,ITA
571,92,h149,2003-07-22 12:00:00,2003-08-20 12:00:00,ITA
572,93,h112,2005-08-10 12:00:00,2005-09-08 12:00:00,ITA
573,94,h159,2007-07-31 12:00:00,2007-08-29 12:00:00,ITA
574,95,h065,2008-07-17 12:00:00,2008-08-15 12:00:00,ITA
575,96,h126,2008-07-09 12:00:00,2008-08-07 12:00:00,ITA
576,97,h088,2003-08-13 12:00:00,2003-09-11 12:00:00,ITA
577,98,h078,2007-07-04 12:00:00,2007-08-02 12:00:00,ITA
578,99,h163,2006-08-03 12:00:00,2006-09-01 12:00:00,ITA
579,100,h105,2007-01-04 12:00:00,2007-02-02 12:00:00,ITA
580,101,h131,2003-07-21 12:00:00,2003-08-19 12:00:00,ITA
581,102,h144,2001-01-01 12:00:00,2001-01-30 12:00:00,ITA
582,103,h076,2002-07-04 12:00:00,2002-08-02 12:00:00,ITA
583,104,h092,2001-07-18 12:00:00,2001-08-16 12:00:00,ITA
584,105,h120,2005-08-11 12:00:00,2005-09-09 12:00:00,ITA
585,106,h140,2008-12-29 12:00:00,2009-01-27 12:00:00,ITA
586,107,h051,2004-07-01 12:00:00,2004-07-30 12:00:00,ITA
587,108,h085,2003-12-10 12:00:00,2004-01-08 12:00:00,ITA
588,109,h108,2008-07-23 12:00:00,2008-08-21 12:00:00,ITA
589,110,h015,2002-08-08 12:00:00,2002-09-06 12:00:00,ITA
590,111,h161,2009-01-15 12:00:00,2009-02-13 12:00:00,ITA
591,112,h167,2000-08-15 12:00:00,2000-09-13 12:00:00,ITA
592,113,h165,2004-07-15 12:00:00,2004-08-13 12:00:00,ITA
593,114,h122,2001-07-23 12:00:00,2001-08-21 12:00:00,ITA
594,115,h084,2005-08-15 12:00:00,2005-09-13 12:00:00,ITA
595,116,h034,2006-12-25 12:00:00,2007-01-23 12:00:00,ITA
596,117,h081,2003-08-25 12:00:00,2003-09-23 12:00:00,ITA
597,118,h121,2001-08-30 12:00:00,2001-09-28 12:00:00,ITA
598,119,h086,2009-08-11 12:00:00,2009-09-09 12:00:00,ITA
599,120,h168,2007-06-21 12:00:00,2007-07-20 12:00:00,ITA
600,121,h093,2008-08-14 12:00:00,2008-09-12 12:00:00,ITA
601,122,h078,2003-08-14 12:00:00,2003-09-12 12:00:00,ITA
602,123,h088,2000-08-09 12:00:00,2000-09-07 12:00:00,ITA
603,124,h083,2003-08-07 12:00:00,2003-09-05 12:00:00,ITA
604,125,h164,2001-07-12 12:00:00,2001-08-10 12:00:00,ITA
605,126,h109,2007-07-18 12:00:00,2007-08-16 12:00:00,ITA
606,127,h091,2003-07-17 12:00:00,2003-08-15 12:00:00,ITA
607,128,h057,2006-12-25 12:00:00,2007-01-23 12:00:00,ITA
608,129,h117,2008-07-10 12:00:00,2008-08-08 12:00:00,ITA
609,130,h133,2000-08-14 12:00:00,2000-09-12 12:00:00,ITA
610,131,h043,2005-07-27 12:00:00,2005-08-25 12:00:00,ITA
611,132,h056,2007-07-19 12:00:00,2007-08-17 12:00:00,ITA
612,133,h057,2007-06-12 12:00:00,2007-07-11 12:00:00,ITA
613,134,h132,2007-08-23 12:00:00,2007-09-21 12:00:00,ITA
614,135,h041,2007-12-27 12:00:00,2008-01-25 12:00:00,ITA
615,136,h135,2009-07-08 12:00:00,2009-08-06 12:00:00,ITA
616,137,h047,2006-07-20 12:00:00,2006-08-18 12:00:00,ITA
617,138,h039,2001-07-30 12:00:00,2001-08-28 12:00:00,ITA
618,139,h108,2005-07-11 12:00:00,2005-08-09 12:00:00,ITA
619,140,h083,2004-12-06 12:00:00,2005-01-04 12:00:00,ITA
620,141,h036,2004-12-14 12:00:00,2005-01-12 12:00:00,ITA
621,142,h021,2003-07-22 12:00:00,2003-08-20 12:00:00,ITA
622,143,h124,2000-12-14 12:00:00,2001-01-12 12:00:00,ITA
623,144,h027,2008-12-09 12:00:00,2009-01-07 12:00:00,ITA
624,145,h136,2006-01-03 12:00:00,2006-02-01 12:00:00,ITA
625,146,h093,2008-12-08 12:00:00,2009-01-06 12:00:00,ITA
626,147,h027,2000-12-28 12:00:00,2001-01-26 12:00:00,ITA
627,148,h083,2005-12-28 12:00:00,2006-01-26 12:00:00,ITA
628,149,h072,2003-06-28 12:00:00,2003-07-27 12:00:00,ITA
629,150,h155,2001-08-08 12:00:00,2001-09-06 12:00:00,ITA
630,151,h168,2006-07-27 12:00:00,2006-08-25 12:00:00,ITA
631,152,h077,2003-12-29 12:00:00,2004-01-27 12:00:00,ITA
632,153,h071,2003-07-28 12:00:00,2003-08-26 12:00:00,ITA
633,154,h096,2007-01-11 12:00:00,2007-02-09 12:00:00,ITA
634,155,h065,2001-07-26 12:00:00,2001-08-24 12:00:00,ITA
635,156,h098,2001-08-20 12:00:00,2001-09-18 12:00:00,ITA
636,157,h113,2001-06-26 12:00:00,2001-07-25 12:00:00,ITA
637,158,h144,2003-07-24 12:00:00,2003-08-22 12:00:00,ITA
638,159,h055,2009-07-06 12:00:00,2009-08-04 12:00:00,ITA
639,160,h093,2009-01-15 12:00:00,2009-02-13 12:00:00,ITA
640,1,h090,2009-01-05 12:00:00,2009-02-03 12:00:00,FRA
641,2,h076,2008-01-03 12:00:00,2008-02-01 12:00:00,FRA
642,3,h098,2009-01-01 12:00:00,2009-01-30 12:00:00,FRA
643,4,h019,2006-12-18 12:00:00,2007-01-16 12:00:00,FRA
644,5,h096,2007-12-19 12:00:00,2008-01-17 12:00:00,FRA
645,6,h055,2006-01-23 12:00:00,2006-02-21 12:00:00,FRA
646,7,h080,2003-12-30 12:00:00,2004-01-28 12:00:00,FRA
647,8,h147,2005-01-17 12:00:00,2005-02-15 12:00:00,FRA
648,9,h144,2001-01-11 12:00:00,2001-02-09 12:00:00,FRA
649,10,h024,2004-02-12 12:00:00,2004-03-12 12:00:00,FRA
650,11,h103,2002-12-19 12:00:00,2003-01-17 12:00:00,FRA
651,12,h144,2002-01-09 12:00:00,2002-02-07 12:00:00,FRA
652,13,h113,2006-01-13 12:00:00,2006-02-11 12:00:00,FRA
653,14,h032,2002-12-19 12:00:00,2003-01-17 12:00:00,FRA
654,15,h158,2001-02-05 12:00:00,2001-03-06 12:00:00,FRA
655,16,h059,2002-12-16 12:00:00,2003-01-14 12:00:00,FRA
656,17,h064,2001-12-31 12:00:00,2002-01-29 12:00:00,FRA
657,18,h096,2003-01-06 12:00:00,2003-02-04 12:00:00,FRA
658,19,h143,2003-01-20 12:00:00,2003-02-18 12:00:00,FRA
659,20,h105,2006-12-31 12:00:00,2007-01-29 12:00:00,FRA
660,21,h045,2004-12-28 12:00:00,2005-01-26 12:00:00,FRA
661,22,h140,2009-01-12 12:00:00,2009-02-10 12:00:00,FRA
662,23,h034,2003-01-29 12:00:00,2003-02-27 12:00:00,FRA
663,24,h057,2001-12-27 12:00:00,2002-01-25 12:00:00,FRA
664,25,h090,2001-01-28 12:00:00,2001-02-26 12:00:00,FRA
665,26,h036,2006-01-19 12:00:00,2006-02-17 12:00:00,FRA
666,27,h070,2004-01-04 12:00:00,2004-02-02 12:00:00,FRA
667,28,h044,2004-01-01 12:00:00,2004-01-30 12:00:00,FRA
668,29,h034,2006-12-07 12:00:00,2007-01-05 12:00:00,FRA
669,30,h061,2009-01-21 12:00:00,2009-02-19 12:00:00,FRA
670,31,h011,2002-12-30 12:00:00,2003-01-28 12:00:00,FRA
671,32,h146,2001-02-01 12:00:00,2001-03-02 12:00:00,FRA
672,33,h083,2005-12-26 12:00:00,2006-01-24 12:00:00,FRA
673,34,h098,2003-12-24 12:00:00,2004-01-22 12:00:00,FRA
674,35,h132,2008-01-03 12:00:00,2008-02-01 12:00:00,FRA
675,36,h078,2003-01-07 12:00:00,2003-02-05 12:00:00,FRA
676,37,h103,2006-02-12 12:00:00,2006-03-13 12:00:00,FRA
677,38,h144,2003-01-08 12:00:00,2003-02-06 12:00:00,FRA
678,39,h063,2001-02-04 12:00:00,2001-03-05 12:00:00,FRA
679,40,h020,2008-01-24 12:00:00,2008-02-22 12:00:00,FRA
680,41,h093,2009-01-16 12:00:00,2009-02-14 12:00:00,FRA
681,42,h130,2007-12-31 12:00:00,2008-01-29 12:00:00,FRA
682,43,h042,2004-12-09 12:00:00,2005-01-07 12:00:00,FRA
683,44,h118,2005-01-18 12:00:00,2005-02-16 12:00:00,FRA
684,45,h090,2004-01-12 12:00:00,2004-02-10 12:00:00,FRA
685,46,h058,2005-12-29 12:00:00,2006-01-27 12:00:00,FRA
686,47,h126,2002-01-03 12:00:00,2002-02-01 12:00:00,FRA
687,48,h060,2002-12-05 12:00:00,2003-01-03 12:00:00,FRA
688,49,h089,2000-12-11 12:00:00,2001-01-09 12:00:00,FRA
689,50,h063,2006-12-28 12:00:00,2007-01-26 12:00:00,FRA
690,51,h077,2006-12-18 12:00:00,2007-01-16 12:00:00,FRA
691,52,h146,2004-01-22 12:00:00,2004-02-20 12:00:00,FRA
692,53,h096,2005-12-12 12:00:00,2006-01-10 12:00:00,FRA
693,54,h051,2005-12-29 12:00:00,2006-01-27 12:00:00,FRA
694,55,h144,2000-02-01 12:00:00,2000-03-01 12:00:00,FRA
695,56,h025,2003-12-25 12:00:00,2004-01-23 12:00:00,FRA
696,57,h044,2001-12-13 12:00:00,2002-01-11 12:00:00,FRA
697,58,h036,2004-12-13 12:00:00,2005-01-11 12:00:00,FRA
698,59,h036,2000-12-20 12:00:00,2001-01-18 12:00:00,FRA
699,60,h113,2006-12-24 12:00:00,2007-01-22 12:00:00,FRA
700,61,h150,2007-12-28 12:00:00,2008-01-26 12:00:00,FRA
701,62,h142,2006-12-25 12:00:00,2007-01-23 12:00:00,FRA
702,63,h052,2004-12-21 12:00:00,2005-01-19 12:00:00,FRA
703,64,h122,2003-12-09 12:00:00,2004-01-07 12:00:00,FRA
704,65,h069,2007-01-15 12:00:00,2007-02-13 12:00:00,FRA
705,66,h056,2005-12-21 12:00:00,2006-01-19 12:00:00,FRA
706,67,h148,2004-01-06 12:00:00,2004-02-04 12:00:00,FRA
707,68,h032,2006-12-22 12:00:00,2007-01-20 12:00:00,FRA
708,69,h053,2006-01-19 12:00:00,2006-02-17 12:00:00,FRA
709,70,h063,2008-12-26 12:00:00,2009-01-24 12:00:00,FRA
710,71,h047,2001-01-29 12:00:00,2001-02-27 12:00:00,FRA
711,72,h014,2003-11-27 12:00:00,2003-12-26 12:00:00,FRA
712,73,h065,2000-02-15 12:00:00,2000-03-15 12:00:00,FRA
713,74,h160,2001-01-02 12:00:00,2001-01-31 12:00:00,FRA
714,75,h073,2003-01-15 12:00:00,2003-02-13 12:00:00,FRA
715,76,h086,2003-11-19 12:00:00,2003-12-18 12:00:00,FRA
716,77,h096,2003-12-29 12:00:00,2004-01-27 12:00:00,FRA
717,78,h092,2007-12-24 12:00:00,2008-01-22 12:00:00,FRA
718,79,h027,2001-01-01 12:00:00,2001-01-30 12:00:00,FRA
719,80,h145,2006-01-30 12:00:00,2006-02-28 12:00:00,FRA
720,81,h138,2003-12-29 12:00:00,2004-01-27 12:00:00,FRA
721,82,h124,2000-12-11 12:00:00,2001-01-09 12:00:00,FRA
722,83,h039,2005-01-13 12:00:00,2005-02-11 12:00:00,FRA
723,84,h100,2004-01-21 12:00:00,2004-02-19 12:00:00,FRA
724,85,h121,2006-01-05 12:00:00,2006-02-03 12:00:00,FRA
725,86,h058,2002-02-04 12:00:00,2002-03-05 12:00:00,FRA
726,87,h149,2006-12-25 12:00:00,2007-01-23 12:00:00,FRA
727,88,h032,2003-02-10 12:00:00,2003-03-11 12:00:00,FRA
728,89,h144,2005-01-13 12:00:00,2005-02-11 12:00:00,FRA
729,90,h148,2007-01-30 12:00:00,2007-02-28 12:00:00,FRA
730,91,h106,2002-12-12 12:00:00,2003-01-10 12:00:00,FRA
731,92,h137,2009-01-01 12:00:00,2009-01-30 12:00:00,FRA
732,93,h145,2000-02-10 12:00:00,2000-03-10 12:00:00,FRA
733,94,h054,2001-12-24 12:00:00,2002-01-22 12:00:00,FRA
734,95,h132,2008-12-21 12:00:00,2009-01-19 12:00:00,FRA
735,96,h154,2003-01-07 12:00:00,2003-02-05 12:00:00,FRA
736,97,h120,2006-12-31 12:00:00,2007-01-29 12:00:00,FRA
737,98,h012,2001-12-24 12:00:00,2002-01-22 12:00:00,FRA
738,99,h134,2003-01-16 12:00:00,2003-02-14 12:00:00,FRA
739,100,h127,2002-01-06 12:00:00,2002-02-04 12:00:00,FRA
740,101,h110,2005-12-26 12:00:00,2006-01-24 12:00:00,FRA
741,102,h120,2006-01-03 12:00:00,2006-02-01 12:00:00,FRA
742,103,h135,2003-01-09 12:00:00,2003-02-07 12:00:00,FRA
743,104,h084,2001-02-08 12:00:00,2001-03-09 12:00:00,FRA
744,105,h043,2007-02-15 12:00:00,2007-03-16 12:00:00,FRA
745,106,h055,2000-12-24 12:00:00,2001-01-22 12:00:00,FRA
746,107,h069,2005-01-03 12:00:00,2005-02-01 12:00:00,FRA
747,108,h155,2003-01-17 12:00:00,2003-02-15 12:00:00,FRA
748,109,h103,2002-02-08 12:00:00,2002-03-09 12:00:00,FRA
749,110,h107,2007-12-25 12:00:00,2008-01-23 12:00:00,FRA
750,111,h152,2006-12-11 12:00:00,2007-01-09 12:00:00,FRA
751,112,h042,2001-12-25 12:00:00,2002-01-23 12:00:00,FRA
752,113,h131,2008-01-07 12:00:00,2008-02-05 12:00:00,FRA
753,114,h021,2006-02-01 12:00:00,2006-03-02 12:00:00,FRA
754,115,h015,2001-01-03 12:00:00,2001-02-01 12:00:00,FRA
755,116,h086,2005-01-27 12:00:00,2005-02-25 12:00:00,FRA
756,117,h060,2004-01-22 12:00:00,2004-02-20 12:00:00,FRA
757,118,h099,2007-12-19 12:00:00,2008-01-17 12:00:00,FRA
758,119,h136,2005-12-28 12:00:00,2006-01-26 12:00:00,FRA
759,120,h014,2004-01-15 12:00:00,2004-02-13 12:00:00,FRA
760,121,h108,2001-12-05 12:00:00,2002-01-03 12:00:00,FRA
761,122,h095,2005-12-06 12:00:00,2006-01-04 12:00:00,FRA
762,123,h031,2007-12-28 12:00:00,2008-01-26 12:00:00,FRA
763,124,h073,2007-12-14 12:00:00,2008-01-12 12:00:00,FRA
764,125,h159,2004-01-29 12:00:00,2004-02-27 12:00:00,FRA
765,126,h099,2009-01-15 12:00:00,2009-02-13 12:00:00,FRA
766,127,h150,2002-12-18 12:00:00,2003-01-16 12:00:00,FRA
767,128,h137,2001-01-17 12:00:00,2001-02-15 12:00:00,FRA
768,129,h085,2001-01-28 12:00:00,2001-02-26 12:00:00,FRA
769,130,h107,2001-01-11 12:00:00,2001-02-09 12:00:00,FRA
770,131,h124,2006-01-15 12:00:00,2006-02-13 12:00:00,FRA
771,132,h093,2008-12-10 12:00:00,2009-01-08 12:00:00,FRA
772,133,h037,2001-12-10 12:00:00,2002-01-08 12:00:00,FRA
773,134,h067,2005-01-21 12:00:00,2005-02-19 12:00:00,FRA
774,135,h083,2004-12-13 12:00:00,2005-01-11 12:00:00,FRA
775,136,h024,2008-12-15 12:00:00,2009-01-13 12:00:00,FRA
776,137,h023,2002-01-11 12:00:00,2002-02-09 12:00:00,FRA
777,138,h025,2006-01-05 12:00:00,2006-02-03 12:00:00,FRA
778,139,h098,2005-11-16 12:00:00,2005-12-15 12:00:00,FRA
779,140,h110,2008-12-17 12:00:00,2009-01-15 12:00:00,FRA
780,141,h024,2002-12-30 12:00:00,2003-01-28 12:00:00,FRA
781,142,h152,2002-01-07 12:00:00,2002-02-05 12:00:00,FRA
782,143,h017,2007-01-27 12:00:00,2007-02-25 12:00:00,FRA
783,144,h115,2005-12-12 12:00:00,2006-01-10 12:00:00,FRA
784,145,h103,2005-01-06 12:00:00,2005-02-04 12:00:00,FRA
785,146,h014,2002-01-15 12:00:00,2002-02-13 12:00:00,FRA
786,147,h146,2005-02-24 12:00:00,2005-03-25 12:00:00,FRA
787,148,h084,2000-11-29 12:00:00,2000-12-28 12:00:00,FRA
788,149,h017,2007-12-24 12:00:00,2008-01-22 12:00:00,FRA
789,150,h091,2005-12-12 12:00:00,2006-01-10 12:00:00,FRA
790,151,h023,2003-12-23 12:00:00,2004-01-21 12:00:00,FRA
791,152,h052,2002-01-15 12:00:00,2002-02-13 12:00:00,FRA
792,153,h111,2001-01-29 12:00:00,2001-02-27 12:00:00,FRA
793,154,h022,2007-01-15 12:00:00,2007-02-13 12:00:00,FRA
794,155,h152,2008-01-23 12:00:00,2008-02-21 12:00:00,FRA
795,156,h115,2004-01-07 12:00:00,2004-02-05 12:00:00,FRA
796,157,h147,2002-01-01 12:00:00,2002-01-30 12:00:00,FRA
797,158,h146,2003-12-15 12:00:00,2004-01-13 12:00:00,FRA
798,159,h152,2003-12-21 12:00:00,2004-01-19 12:00:00,FRA
799,160,h114,2002-01-08 12:00:00,2002-02-06 12:00:00,FRA
800,1,h070,2000-12-21 12:00:00,2001-01-19 12:00:00,ESP
801,2,h151,2004-12-07 12:00:00,2005-01-05 12:00:00,ESP
802,3,h077,2006-12-25 12:00:00,2007-01-23 12:00:00,ESP
803,4,h019,2006-12-20 12:00:00,2007-01-18 12:00:00,ESP
804,5,h143,2003-01-09 12:00:00,2003-02-07 12:00:00,ESP
805,6,h155,2003-12-30 12:00:00,2004-01-28 12:00:00,ESP
806,7,h014,2002-01-14 12:00:00,2002-02-12 12:00:00,ESP
807,8,h016,2003-12-11 12:00:00,2004-01-09 12:00:00,ESP
808,9,h063,2008-12-23 12:00:00,2009-01-21 12:00:00,ESP
809,10,h014,2002-12-17 12:00:00,2003-01-15 12:00:00,ESP
810,11,h103,2002-12-30 12:00:00,2003-01-28 12:00:00,ESP
811,12,h090,2002-12-23 12:00:00,2003-01-21 12:00:00,ESP
812,13,h093,2008-12-04 12:00:00,2009-01-02 12:00:00,ESP
813,14,h051,2005-12-07 12:00:00,2006-01-05 12:00:00,ESP
814,15,h090,2009-01-05 12:00:00,2009-02-03 12:00:00,ESP
815,16,h156,2003-01-02 12:00:00,2003-01-31 12:00:00,ESP
816,17,h060,2002-12-19 12:00:00,2003-01-17 12:00:00,ESP
817,18,h122,2003-12-05 12:00:00,2004-01-03 12:00:00,ESP
818,19,h058,2005-12-19 12:00:00,2006-01-17 12:00:00,ESP
819,20,h080,2003-12-22 12:00:00,2004-01-20 12:00:00,ESP
820,21,h130,2008-12-09 12:00:00,2009-01-07 12:00:00,ESP
821,22,h129,2007-12-27 12:00:00,2008-01-25 12:00:00,ESP
822,23,h029,2004-12-09 12:00:00,2005-01-07 12:00:00,ESP
823,24,h041,2003-01-02 12:00:00,2003-01-31 12:00:00,ESP
824,25,h043,2006-12-13 12:00:00,2007-01-11 12:00:00,ESP
825,26,h111,2004-12-16 12:00:00,2005-01-14 12:00:00,ESP
826,27,h096,2007-12-27 12:00:00,2008-01-25 12:00:00,ESP
827,28,h051,2002-12-05 12:00:00,2003-01-03 12:00:00,ESP
828,29,h054,2004-12-20 12:00:00,2005-01-18 12:00:00,ESP
829,30,h152,2008-01-08 12:00:00,2008-02-06 12:00:00,ESP
830,31,h082,2005-01-06 12:00:00,2005-02-04 12:00:00,ESP
831,32,h145,2000-11-23 12:00:00,2000-12-22 12:00:00,ESP
832,33,h131,2001-01-03 12:00:00,2001-02-01 12:00:00,ESP
833,34,h081,2008-12-24 12:00:00,2009-01-22 12:00:00,ESP
834,35,h079,2004-12-23 12:00:00,2005-01-21 12:00:00,ESP
835,36,h042,2004-12-06 12:00:00,2005-01-04 12:00:00,ESP
836,37,h027,2003-12-22 12:00:00,2004-01-20 12:00:00,ESP
837,38,h105,2002-12-04 12:00:00,2003-01-02 12:00:00,ESP
838,39,h065,2000-12-06 12:00:00,2001-01-04 12:00:00,ESP
839,40,h093,2009-01-07 12:00:00,2009-02-05 12:00:00,ESP
840,41,h012,2001-12-27 12:00:00,2002-01-25 12:00:00,ESP
841,42,h061,2008-12-25 12:00:00,2009-01-23 12:00:00,ESP
842,43,h055,2008-12-25 12:00:00,2009-01-23 12:00:00,ESP
843,44,h051,2003-12-16 12:00:00,2004-01-14 12:00:00,ESP
844,45,h059,2002-12-16 12:00:00,2003-01-14 12:00:00,ESP
845,46,h106,2004-01-01 12:00:00,2004-01-30 12:00:00,ESP
846,47,h071,2000-12-25 12:00:00,2001-01-23 12:00:00,ESP
847,48,h157,2003-11-26 12:00:00,2003-12-25 12:00:00,ESP
848,49,h108,2008-12-12 12:00:00,2009-01-10 12:00:00,ESP
849,50,h130,2007-12-10 12:00:00,2008-01-08 12:00:00,ESP
850,51,h144,2000-12-28 12:00:00,2001-01-26 12:00:00,ESP
851,52,h157,2002-01-02 12:00:00,2002-01-31 12:00:00,ESP
852,53,h044,2001-12-31 12:00:00,2002-01-29 12:00:00,ESP
853,54,h083,2006-01-04 12:00:00,2006-02-02 12:00:00,ESP
854,55,h037,2004-12-23 12:00:00,2005-01-21 12:00:00,ESP
855,56,h154,2002-12-10 12:00:00,2003-01-08 12:00:00,ESP
856,57,h076,2001-12-06 12:00:00,2002-01-04 12:00:00,ESP
857,58,h021,2003-12-11 12:00:00,2004-01-09 12:00:00,ESP
858,59,h030,2006-11-30 12:00:00,2006-12-29 12:00:00,ESP
859,60,h061,2006-01-10 12:00:00,2006-02-08 12:00:00,ESP
860,61,h069,2000-12-11 12:00:00,2001-01-09 12:00:00,ESP
861,62,h077,2000-12-27 12:00:00,2001-01-25 12:00:00,ESP
862,63,h086,2007-12-19 12:00:00,2008-01-17 12:00:00,ESP
863,64,h102,2001-12-25 12:00:00,2002-01-23 12:00:00,ESP
864,65,h141,2001-01-04 12:00:00,2001-02-02 12:00:00,ESP
865,66,h150,2002-01-17 12:00:00,2002-02-15 12:00:00,ESP
866,67,h101,2007-11-29 12:00:00,2007-12-28 12:00:00,ESP
867,68,h043,2004-12-30 12:00:00,2005-01-28 12:00:00,ESP
868,69,h156,2008-01-07 12:00:00,2008-02-05 12:00:00,ESP
869,70,h114,2002-12-26 12:00:00,2003-01-24 12:00:00,ESP
870,71,h094,2008-12-24 12:00:00,2009-01-22 12:00:00,ESP
871,72,h065,2002-12-16 12:00:00,2003-01-14 12:00:00,ESP
872,73,h136,2000-12-07 12:00:00,2001-01-05 12:00:00,ESP
873,74,h098,2008-12-22 12:00:00,2009-01-20 12:00:00,ESP
874,75,h122,2000-12-12 12:00:00,2001-01-10 12:00:00,ESP
875,76,h054,2001-12-25 12:00:00,2002-01-23 12:00:00,ESP
876,77,h118,2000-12-14 12:00:00,2001-01-12 12:00:00,ESP
877,78,h119,2008-01-07 12:00:00,2008-02-05 12:00:00,ESP
878,79,h096,2003-01-06 12:00:00,2003-02-04 12:00:00,ESP
879,80,h167,2001-12-13 12:00:00,2002-01-11 12:00:00,ESP
880,81,h078,2003-01-16 12:00:00,2003-02-14 12:00:00,ESP
881,82,h018,2004-12-30 12:00:00,2005-01-28 12:00:00,ESP
882,83,h157,2009-01-01 12:00:00,2009-01-30 12:00:00,ESP
883,84,h141,2006-12-21 12:00:00,2007-01-19 12:00:00,ESP
884,85,h025,2007-12-31 12:00:00,2008-01-29 12:00:00,ESP
885,86,h047,2008-12-04 12:00:00,2009-01-02 12:00:00,ESP
886,87,h149,2001-12-05 12:00:00,2002-01-03 12:00:00,ESP
887,88,h056,2005-12-21 12:00:00,2006-01-19 12:00:00,ESP
888,89,h144,2003-01-07 12:00:00,2003-02-05 12:00:00,ESP
889,90,h048,2005-12-29 12:00:00,2006-01-27 12:00:00,ESP
890,91,h069,2003-11-27 12:00:00,2003-12-26 12:00:00,ESP
891,92,h041,2004-11-24 12:00:00,2004-12-23 12:00:00,ESP
892,93,h015,2005-12-22 12:00:00,2006-01-20 12:00:00,ESP
893,94,h132,2007-12-18 12:00:00,2008-01-16 12:00:00,ESP
894,95,h063,2001-12-20 12:00:00,2002-01-18 12:00:00,ESP
895,96,h160,2006-12-14 12:00:00,2007-01-12 12:00:00,ESP
896,97,h047,2005-12-15 12:00:00,2006-01-13 12:00:00,ESP
897,98,h058,2004-12-30 12:00:00,2005-01-28 12:00:00,ESP
898,99,h012,2006-11-29 12:00:00,2006-12-28 12:00:00,ESP
899,100,h069,2007-01-09 12:00:00,2007-02-07 12:00:00,ESP
900,101,h103,2008-12-08 12:00:00,2009-01-06 12:00:00,ESP
901,102,h096,2005-12-25 12:00:00,2006-01-23 12:00:00,ESP
902,103,h167,2007-12-10 12:00:00,2008-01-08 12:00:00,ESP
903,104,h153,2006-12-07 12:00:00,2007-01-05 12:00:00,ESP
904,105,h147,2005-01-13 12:00:00,2005-02-11 12:00:00,ESP
905,106,h021,2007-12-10 12:00:00,2008-01-08 12:00:00,ESP
906,107,h040,2006-01-16 12:00:00,2006-02-14 12:00:00,ESP
907,108,h052,2004-12-09 12:00:00,2005-01-07 12:00:00,ESP
908,109,h025,2000-12-11 12:00:00,2001-01-09 12:00:00,ESP
909,110,h028,2001-12-20 12:00:00,2002-01-18 12:00:00,ESP
910,111,h045,2001-12-24 12:00:00,2002-01-22 12:00:00,ESP
911,112,h024,2006-12-27 12:00:00,2007-01-25 12:00:00,ESP
912,113,h050,2002-12-19 12:00:00,2003-01-17 12:00:00,ESP
913,114,h057,2001-12-27 12:00:00,2002-01-25 12:00:00,ESP
914,115,h065,2008-12-08 12:00:00,2009-01-06 12:00:00,ESP
915,116,h042,2001-12-31 12:00:00,2002-01-29 12:00:00,ESP
916,117,h034,2004-12-21 12:00:00,2005-01-19 12:00:00,ESP
917,118,h069,2004-01-02 12:00:00,2004-01-31 12:00:00,ESP
918,119,h098,2008-01-08 12:00:00,2008-02-06 12:00:00,ESP
919,120,h059,2001-12-18 12:00:00,2002-01-16 12:00:00,ESP
920,121,h054,2000-12-14 12:00:00,2001-01-12 12:00:00,ESP
921,122,h070,2003-12-19 12:00:00,2004-01-17 12:00:00,ESP
922,123,h101,2005-12-19 12:00:00,2006-01-17 12:00:00,ESP
923,124,h076,2003-01-14 12:00:00,2003-02-12 12:00:00,ESP
924,125,h081,2002-01-02 12:00:00,2002-01-31 12:00:00,ESP
925,126,h083,2008-01-08 12:00:00,2008-02-06 12:00:00,ESP
926,127,h163,2005-12-27 12:00:00,2006-01-25 12:00:00,ESP
927,128,h112,2006-12-12 12:00:00,2007-01-10 12:00:00,ESP
928,129,h099,2001-12-13 12:00:00,2002-01-11 12:00:00,ESP
929,130,h115,2007-12-27 12:00:00,2008-01-25 12:00:00,ESP
930,131,h167,2006-01-12 12:00:00,2006-02-10 12:00:00,ESP
931,132,h074,2009-01-05 12:00:00,2009-02-03 12:00:00,ESP
932,133,h154,2003-12-11 12:00:00,2004-01-09 12:00:00,ESP
933,134,h111,2000-11-23 12:00:00,2000-12-22 12:00:00,ESP
934,135,h085,2007-12-10 12:00:00,2008-01-08 12:00:00,ESP
935,136,h030,2001-12-06 12:00:00,2002-01-04 12:00:00,ESP
936,137,h102,2004-12-21 12:00:00,2005-01-19 12:00:00,ESP
937,138,h162,2007-12-10 12:00:00,2008-01-08 12:00:00,ESP
938,139,h157,2007-11-29 12:00:00,2007-12-28 12:00:00,ESP
939,140,h063,2005-01-11 12:00:00,2005-02-09 12:00:00,ESP
940,141,h019,2007-12-27 12:00:00,2008-01-25 12:00:00,ESP
941,142,h035,2001-01-08 12:00:00,2001-02-06 12:00:00,ESP
942,143,h162,2000-12-14 12:00:00,2001-01-12 12:00:00,ESP
943,144,h023,2007-12-25 12:00:00,2008-01-23 12:00:00,ESP
944,145,h090,2006-12-12 12:00:00,2007-01-10 12:00:00,ESP
945,146,h074,2005-12-05 12:00:00,2006-01-03 12:00:00,ESP
946,147,h026,2008-12-15 12:00:00,2009-01-13 12:00:00,ESP
947,148,h105,2001-12-03 12:00:00,2002-01-01 12:00:00,ESP
948,149,h155,2003-01-13 12:00:00,2003-02-11 12:00:00,ESP
949,150,h080,2004-12-02 12:00:00,2004-12-31 12:00:00,ESP
950,151,h039,2005-01-06 12:00:00,2005-02-04 12:00:00,ESP
951,152,h129,2008-12-01 12:00:00,2008-12-30 12:00:00,ESP
952,153,h016,2006-12-04 12:00:00,2007-01-02 12:00:00,ESP
953,154,h154,2007-12-20 12:00:00,2008-01-18 12:00:00,ESP
954,155,h041,2006-12-07 12:00:00,2007-01-05 12:00:00,ESP
955,156,h109,2004-12-30 12:00:00,2005-01-28 12:00:00,ESP
956,157,h125,2004-12-12 12:00:00,2005-01-10 12:00:00,ESP
957,158,h136,2003-12-15 12:00:00,2004-01-13 12:00:00,ESP
958,159,h021,2002-12-26 12:00:00,2003-01-24 12:00:00,ESP
959,160,h048,2000-12-28 12:00:00,2001-01-26 12:00:00,ESP
